{"d":[
    
       { "name": "Vasundhara",
         "pass" : "1234", 
         "maths": "92",
         "depat": "96",
         "data": "90",
         "attend": "79%",
         "avg":"93"

       },
    
       
       { "name":"Akash",
         "pass" : "2323", 
         "maths": "95",
         "depat": "95",
         "data": "95",
         "attend": "85%",
         "avg":"95"
       },
       
       { "name": "Vijay",
         "pass" : "2323", 
         "maths": "95",
         "depat": "95",
         "data": "95",
         "attend": "95%",
         "avg":"95"
       },
       { "name":"Anil",
         "pass" : "2323", 
         "maths": "95",
         "depat": "95",
         "data": "95",
         "attend": "85%",
         "avg":"95"
       },
       { "name":"Anjana",
         "pass" : "2323", 
         "maths": "95",
         "depat": "95",
         "data": "95",
         "attend": "85%",
         "avg":"95"
       },
       { "name":"Smruthi",
         "pass" : "2323", 
         "maths": "95",
         "depat": "95",
         "data": "95",
         "attend": "85%",
         "avg":"95"
       },
       { "name":"Smitha",
         "pass" : "2323", 
         "maths": "95",
         "depat": "95",
         "data": "95",
         "attend": "85%",
         "avg":"95"
       },
       { "name":"Smith",
         "pass" : "2323", 
         "maths": "95",
         "depat": "95",
         "data": "95",
         "attend": "85%",
         "avg":"95"
       }

     ]
}